,Sector,Value,Proportion of Fund
0,TMT,46169.0804642236,
1,HC,,
2,PNR,4620.718828928083,
3,CNR,8145.918258005242,
4,IND,12243.38988486837,
5,E&R,4766.318132009927,
